{"__symbolic":"module","version":1,"metadata":{"NgTableComponent":{"__symbolic":"class","decorators":[{"__symbolic":"call","expression":{"__symbolic":"reference","module":"@angular/core","name":"Component"},"arguments":[{"selector":"ng-table","template":"\n    <div [ngStyle]=\"{height: config?.height}\" style=\"overflow-y:scroll; width:auto; overflow-x:hidden; display:block;\" (scroll)=\"checkScroll($event)\">\n      <table class=\"table dataTable\" ngClass=\"{{config.className || ''}}\"\n             role=\"grid\" style=\"width: 100%;\" >\n        <thead>\n          <tr role=\"row\">\n            <th *ngIf=\"expandable\"></th>\n            <th *ngFor=\"let column of columns\" [ngTableSorting]=\"config\" [column]=\"column\"\n                (sortChanged)=\"onChangeTable($event)\" ngClass=\"{{column.className || ''}}\">\n              {{column.title}}\n              <i *ngIf=\"config && column.sort\" class=\"pull-right fa\"\n                [ngClass]=\"{'fa-chevron-down': column.sort === 'desc', 'fa-chevron-up': column.sort === 'asc'}\"></i>\n            </th>\n          </tr>\n        </thead>\n        <tbody>\n        <tr *ngIf=\"showFilterRow\">\n          <td *ngIf=\"expandable\"></td>\n          <td *ngFor=\"let column of columns\">\n            <input *ngIf=\"column.filtering\" placeholder=\"{{column.filtering.placeholder}}\"\n                   [ngTableFiltering]=\"column.filtering\"\n                   class=\"form-control\"\n                   style=\"width: 85%; padding:none;\"\n                   (tableChanged)=\"onChangeTable(config)\"/>\n          </td>\n        </tr>\n          <template ngFor let-row [ngForOf]=\"rows\" let-i= \"index\" >\n          <tr [ngClass]=\"{'table-info': showExpandedRow && (i == expandedRowIndex) && expandable }\">\n            <td (click)=\"toggleRowExpansion(row, i)\" *ngIf=\"expandable\" (click)=\"cellClick(row, 'expand', i)\" style=\"text-align:center; padding:0px; padding-top:7px;\"><a style=\"width:100%; text-align:center;\">\n              <i [ngClass]=\"{'fa': true, 'fa-plus-circle': i != expandedRowIndex, 'fa-minus-circle' : i == expandedRowIndex}\" style=\"font-size:1.5em; cursor:pointer\"></i></a>\n            </td>\n            <td (click)=\"cellClick(row, column.name, i)\" *ngFor=\"let column of columns\" [innerHtml]=\"sanitize(getData(row, column.name))\" ></td>\n          </tr>\n          <tr *ngIf=\"showExpandedRow && (i == expandedRowIndex) && expandable\" class=\"table-info\" >\n              <td [attr.colspan]=\"columns.length + 1\">\n                <div [innerHtml]=\"sanitize(rowExpandContent)\"></div>\n              </td>\n          </tr>\n          </template>\n        </tbody>\n      </table>\n    </div>\n  ","changeDetection":{"__symbolic":"select","expression":{"__symbolic":"reference","module":"@angular/core","name":"ChangeDetectionStrategy"},"member":"OnPush"}}]}],"members":{"rows":[{"__symbolic":"property","decorators":[{"__symbolic":"call","expression":{"__symbolic":"reference","module":"@angular/core","name":"Input"}}]}],"rowExpandContent":[{"__symbolic":"property","decorators":[{"__symbolic":"call","expression":{"__symbolic":"reference","module":"@angular/core","name":"Input"}}]}],"expandable":[{"__symbolic":"property","decorators":[{"__symbolic":"call","expression":{"__symbolic":"reference","module":"@angular/core","name":"Input"}}]}],"showExpandedRow":[{"__symbolic":"property","decorators":[{"__symbolic":"call","expression":{"__symbolic":"reference","module":"@angular/core","name":"Input"}}]}],"expandedRowIndex":[{"__symbolic":"property","decorators":[{"__symbolic":"call","expression":{"__symbolic":"reference","module":"@angular/core","name":"Input"}}]}],"config":[{"__symbolic":"property","decorators":[{"__symbolic":"call","expression":{"__symbolic":"reference","module":"@angular/core","name":"Input"}}]}],"tableChanged":[{"__symbolic":"property","decorators":[{"__symbolic":"call","expression":{"__symbolic":"reference","module":"@angular/core","name":"Output"}}]}],"cellClicked":[{"__symbolic":"property","decorators":[{"__symbolic":"call","expression":{"__symbolic":"reference","module":"@angular/core","name":"Output"}}]}],"expanderClicked":[{"__symbolic":"property","decorators":[{"__symbolic":"call","expression":{"__symbolic":"reference","module":"@angular/core","name":"Output"}}]}],"scrolledDown":[{"__symbolic":"property","decorators":[{"__symbolic":"call","expression":{"__symbolic":"reference","module":"@angular/core","name":"Output"}}]}],"columns":[{"__symbolic":"property","decorators":[{"__symbolic":"call","expression":{"__symbolic":"reference","module":"@angular/core","name":"Input"}}]}],"__ctor__":[{"__symbolic":"constructor","parameters":[{"__symbolic":"reference","module":"@angular/platform-browser","name":"DomSanitizer"},{"__symbolic":"reference","module":"@angular/core","name":"ChangeDetectorRef"}]}],"sanitize":[{"__symbolic":"method"}],"onChangeTable":[{"__symbolic":"method"}],"toggleRowExpansion":[{"__symbolic":"method"}],"checkScroll":[{"__symbolic":"method"}],"getData":[{"__symbolic":"method"}],"cellClick":[{"__symbolic":"method"}]}}}}