{"__symbolic":"module","version":1,"metadata":{"Ng2TableModule":{"__symbolic":"class","decorators":[{"__symbolic":"call","expression":{"__symbolic":"reference","module":"@angular/core","name":"NgModule"},"arguments":[{"imports":[{"__symbolic":"reference","module":"@angular/common","name":"CommonModule"}],"declarations":[{"__symbolic":"reference","module":"./table/ng-table.component","name":"NgTableComponent"},{"__symbolic":"reference","module":"./table/ng-table-filtering.directive","name":"NgTableFilteringDirective"},{"__symbolic":"reference","module":"./table/ng-table-paging.directive","name":"NgTablePagingDirective"},{"__symbolic":"reference","module":"./table/ng-table-sorting.directive","name":"NgTableSortingDirective"}],"exports":[{"__symbolic":"reference","module":"./table/ng-table.component","name":"NgTableComponent"},{"__symbolic":"reference","module":"./table/ng-table-filtering.directive","name":"NgTableFilteringDirective"},{"__symbolic":"reference","module":"./table/ng-table-paging.directive","name":"NgTablePagingDirective"},{"__symbolic":"reference","module":"./table/ng-table-sorting.directive","name":"NgTableSortingDirective"}]}]}]}}}